<?xml version='1.0' encoding='UTF-8'?>
<Dataset>
<Student><Id>1</Id><FirstName>Osbourne</FirstName><LastName>Farrall</LastName><Email>ofarrall0@meetup.com</Email><Gender>Male</Gender><City>Draginje</City><StudentId>1630</StudentId><Class>18DTHQA2</Class><exam><result><subject>Database</subject><point>9</point></result><result><subject>Software Outsourcing</subject><point>6</point></result><result><subject>Windows</subject><point>1</point></result><result><subject>Basic Programming</subject><point>8</point></result><result><subject>Network</subject><point>9</point></result></exam><Birthdate>1998-05-20</Birthdate></Student><Student><Id>2</Id><FirstName>Darbie</FirstName><LastName>Skerratt</LastName><Email>dskerratt1@berkeley.edu</Email><Gender>Female</Gender><City>Arras</City><StudentId>0360</StudentId><Class>18DTHQA1</Class><exam><result><subject>Math</subject><point>6</point></result><result><subject>Network</subject><point>1</point></result><result><subject>Basic Programming</subject><point>10</point></result><result><subject>Distributed System Programming</subject><point>6</point></result><result><subject>Math</subject><point>4</point></result></exam><Birthdate>1996-01-06</Birthdate></Student><Student><Id>3</Id><FirstName>Odo</FirstName><LastName>Berry</LastName><Email>oberry2@weibo.com</Email><Gender>Male</Gender><City>Maglaj</City><StudentId>3433</StudentId><Class>18DTHQA1</Class><exam><result><subject>Basic Programming</subject><point>8</point></result><result><subject>Database</subject><point>3</point></result><result><subject>Chemistry</subject><point>10</point></result><result><subject>Software Outsourcing</subject><point>10</point></result><result><subject>Network</subject><point>3</point></result></exam><Birthdate>2000-08-26</Birthdate></Student><Student><Id>4</Id><FirstName>Shelba</FirstName><LastName>Pridding</LastName><Email>spridding3@redcross.org</Email><Gender>Female</Gender><City>Shimen</City><StudentId>2664</StudentId><Class>18DTHQA2</Class><exam><result><subject>Chemistry</subject><point>6</point></result><result><subject>Software Outsourcing</subject><point>10</point></result><result><subject>Network</subject><point>10</point></result><result><subject>Software Outsourcing</subject><point>10</point></result><result><subject>Basic Programming</subject><point>8</point></result></exam><Birthdate>1997-07-18</Birthdate></Student><Student><Id>5</Id><FirstName>Teodorico</FirstName><LastName>Elton</LastName><Email>telton4@earthlink.net</Email><Gender>Male</Gender><City>Jāsim</City><StudentId>2271</StudentId><Class>18DTHQA1</Class><exam><result><subject>Chemistry</subject><point>2</point></result><result><subject>Basic Programming</subject><point>10</point></result><result><subject>Basic Programming</subject><point>6</point></result><result><subject>Network</subject><point>10</point></result><result><subject>Database</subject><point>7</point></result></exam><Birthdate>1998-03-28</Birthdate></Student><Student><Id>6</Id><FirstName>Antonius</FirstName><LastName>Lowell</LastName><Email>alowell5@bravesites.com</Email><Gender>Male</Gender><City>Talayan</City><StudentId>2519</StudentId><Class>18DTHQA2</Class><exam><result><subject>Basic Programming</subject><point>7</point></result><result><subject>Windows</subject><point>3</point></result><result><subject>Network</subject><point>10</point></result><result><subject>Basic Programming</subject><point>4</point></result><result><subject>Network</subject><point>4</point></result></exam><Birthdate>2000-03-06</Birthdate></Student><Student><Id>7</Id><FirstName>Hamilton</FirstName><LastName>Houlston</LastName><Email>hhoulston6@biblegateway.com</Email><Gender>Male</Gender><City>El Tambo</City><StudentId>3445</StudentId><Class>18DTHQA2</Class><exam><result><subject>Windows</subject><point>3</point></result><result><subject>Math</subject><point>6</point></result><result><subject>Software Outsourcing</subject><point>6</point></result><result><subject>Database</subject><point>2</point></result><result><subject>Basic Programming</subject><point>7</point></result></exam><Birthdate>1997-09-12</Birthdate></Student><Student><Id>8</Id><FirstName>Agnesse</FirstName><LastName>Ca</LastName><Email>aca7@typepad.com</Email><Gender>Female</Gender><City>Szczecin</City><StudentId>8484</StudentId><Class>18DTHQA2</Class><exam><result><subject>Windows</subject><point>5</point></result><result><subject>Math</subject><point>6</point></result><result><subject>Windows</subject><point>9</point></result><result><subject>Windows</subject><point>3</point></result><result><subject>Math</subject><point>10</point></result></exam><Birthdate>1996-05-19</Birthdate></Student><Student><Id>9</Id><FirstName>Del</FirstName><LastName>Rillatt</LastName><Email>drillatt8@wix.com</Email><Gender>Female</Gender><City>Coihaique</City><StudentId>3233</StudentId><Class>18DTHQA2</Class><exam><result><subject>Database</subject><point>10</point></result><result><subject>Network</subject><point>3</point></result><result><subject>Basic Programming</subject><point>6</point></result><result><subject>Basic Programming</subject><point>2</point></result><result><subject>Basic Programming</subject><point>2</point></result></exam><Birthdate>1995-11-22</Birthdate></Student><Student><Id>10</Id><FirstName>Diane</FirstName><LastName>Adamiak</LastName><Email>dadamiak9@unblog.fr</Email><Gender>Female</Gender><City>Xitan</City><StudentId>7366</StudentId><Class>18DTHQA2</Class><exam><result><subject>Network</subject><point>4</point></result><result><subject>Basic Programming</subject><point>3</point></result><result><subject>Math</subject><point>4</point></result><result><subject>Distributed System Programming</subject><point>2</point></result><result><subject>Windows</subject><point>9</point></result></exam><Birthdate>2000-08-25</Birthdate></Student><Student><Id>11</Id><FirstName>Sonnie</FirstName><LastName>Inde</LastName><Email>sindea@admin.ch</Email><Gender>Female</Gender><City>Cordeiro</City><StudentId>7503</StudentId><Class>18DTHQA1</Class><exam><result><subject>Chemistry</subject><point>7</point></result><result><subject>Basic Programming</subject><point>3</point></result><result><subject>Chemistry</subject><point>10</point></result><result><subject>Basic Programming</subject><point>5</point></result><result><subject>Network</subject><point>7</point></result></exam><Birthdate>1997-12-26</Birthdate></Student><Student><Id>12</Id><FirstName>Sidonnie</FirstName><LastName>Depka</LastName><Email>sdepkab@is.gd</Email><Gender>Female</Gender><City>Turija</City><StudentId>7058</StudentId><Class>18DTHQA2</Class><exam><result><subject>Windows</subject><point>1</point></result><result><subject>Database</subject><point>1</point></result><result><subject>Windows</subject><point>5</point></result><result><subject>Chemistry</subject><point>4</point></result><result><subject>Windows</subject><point>5</point></result></exam><Birthdate>1998-05-31</Birthdate></Student><Student><Id>13</Id><FirstName>Drucill</FirstName><LastName>Vaughn</LastName><Email>dvaughnc@macromedia.com</Email><Gender>Female</Gender><City>Ambatolampy</City><StudentId>1246</StudentId><Class>18DTHQA2</Class><exam><result><subject>Basic Programming</subject><point>2</point></result><result><subject>Software Outsourcing</subject><point>8</point></result><result><subject>Network</subject><point>1</point></result><result><subject>Software Outsourcing</subject><point>6</point></result><result><subject>Basic Programming</subject><point>5</point></result></exam><Birthdate>2000-07-28</Birthdate></Student><Student><Id>14</Id><FirstName>Stesha</FirstName><LastName>Brownjohn</LastName><Email>sbrownjohnd@house.gov</Email><Gender>Female</Gender><City>Dongji</City><StudentId>7897</StudentId><Class>18DTHQA1</Class><exam><result><subject>Software Outsourcing</subject><point>6</point></result><result><subject>Distributed System Programming</subject><point>9</point></result><result><subject>Database</subject><point>2</point></result><result><subject>Chemistry</subject><point>6</point></result><result><subject>Network</subject><point>10</point></result></exam><Birthdate>1998-02-10</Birthdate></Student><Student><Id>15</Id><FirstName>Hyman</FirstName><LastName>Josephsen</LastName><Email>hjosephsene@google.es</Email><Gender>Male</Gender><City>Cuntan</City><StudentId>8972</StudentId><Class>18DTHQA3</Class><exam><result><subject>Windows</subject><point>4</point></result><result><subject>Windows</subject><point>1</point></result><result><subject>Network</subject><point>8</point></result><result><subject>Windows</subject><point>4</point></result><result><subject>Distributed System Programming</subject><point>9</point></result></exam><Birthdate>2000-02-29</Birthdate></Student><Student><Id>16</Id><FirstName>Jacquenette</FirstName><LastName>Ryde</LastName><Email>jrydef@imgur.com</Email><Gender>Female</Gender><City>San Juan Ixcoy</City><StudentId>6269</StudentId><Class>18DTHQA3</Class><exam><result><subject>Basic Programming</subject><point>4</point></result><result><subject>Windows</subject><point>4</point></result><result><subject>Database</subject><point>7</point></result><result><subject>Math</subject><point>7</point></result><result><subject>Distributed System Programming</subject><point>8</point></result></exam><Birthdate>1999-02-19</Birthdate></Student><Student><Id>17</Id><FirstName>Richart</FirstName><LastName>Oaker</LastName><Email>roakerg@gizmodo.com</Email><Gender>Male</Gender><City>San Bernardino</City><StudentId>7411</StudentId><Class>18DTHQA2</Class><exam><result><subject>Software Outsourcing</subject><point>1</point></result><result><subject>Math</subject><point>6</point></result><result><subject>Distributed System Programming</subject><point>3</point></result><result><subject>Math</subject><point>1</point></result><result><subject>Windows</subject><point>7</point></result></exam><Birthdate>2000-06-16</Birthdate></Student><Student><Id>18</Id><FirstName>Julio</FirstName><LastName>Tuxsell</LastName><Email>jtuxsellh@ucla.edu</Email><Gender>Male</Gender><City>Qionghai</City><StudentId>2843</StudentId><Class>18DTHQA3</Class><exam><result><subject>Math</subject><point>9</point></result><result><subject>Basic Programming</subject><point>1</point></result><result><subject>Distributed System Programming</subject><point>10</point></result><result><subject>Network</subject><point>5</point></result><result><subject>Software Outsourcing</subject><point>8</point></result></exam><Birthdate>1996-02-02</Birthdate></Student><Student><Id>19</Id><FirstName>Jerrold</FirstName><LastName>Twinberrow</LastName><Email>jtwinberrowi@plala.or.jp</Email><Gender>Male</Gender><City>Ilhabela</City><StudentId>4365</StudentId><Class>18DTHQA1</Class><exam><result><subject>Windows</subject><point>9</point></result><result><subject>Windows</subject><point>4</point></result><result><subject>Database</subject><point>6</point></result><result><subject>Database</subject><point>2</point></result><result><subject>Windows</subject><point>4</point></result></exam><Birthdate>1999-01-23</Birthdate></Student><Student><Id>20</Id><FirstName>Helen-elizabeth</FirstName><LastName>Redler</LastName><Email>hredlerj@theatlantic.com</Email><Gender>Female</Gender><City>Wuppertal</City><StudentId>9763</StudentId><Class>18DTHQA3</Class><exam><result><subject>Network</subject><point>9</point></result><result><subject>Windows</subject><point>4</point></result><result><subject>Distributed System Programming</subject><point>10</point></result><result><subject>Windows</subject><point>1</point></result><result><subject>Chemistry</subject><point>2</point></result></exam><Birthdate>1998-11-18</Birthdate></Student><Student><Id>21</Id><FirstName>Amelita</FirstName><LastName>Trevain</LastName><Email>atrevaink@yandex.ru</Email><Gender>Female</Gender><City>Bato</City><StudentId>8208</StudentId><Class>18DTHQA3</Class><exam><result><subject>Network</subject><point>3</point></result><result><subject>Software Outsourcing</subject><point>1</point></result><result><subject>Windows</subject><point>9</point></result><result><subject>Windows</subject><point>8</point></result><result><subject>Basic Programming</subject><point>6</point></result></exam><Birthdate>1997-04-21</Birthdate></Student><Student><Id>22</Id><FirstName>Lesli</FirstName><LastName>Sandes</LastName><Email>lsandesl@qq.com</Email><Gender>Female</Gender><City>Chipata</City><StudentId>4301</StudentId><Class>18DTHQA1</Class><exam><result><subject>Chemistry</subject><point>9</point></result><result><subject>Windows</subject><point>4</point></result><result><subject>Distributed System Programming</subject><point>10</point></result><result><subject>Windows</subject><point>8</point></result><result><subject>Windows</subject><point>10</point></result></exam><Birthdate>1997-06-28</Birthdate></Student><Student><Id>23</Id><FirstName>Alvie</FirstName><LastName>Lodevick</LastName><Email>alodevickm@php.net</Email><Gender>Male</Gender><City>Airmata</City><StudentId>1535</StudentId><Class>18DTHQA1</Class><exam><result><subject>Software Outsourcing</subject><point>10</point></result><result><subject>Network</subject><point>6</point></result><result><subject>Windows</subject><point>1</point></result><result><subject>Math</subject><point>1</point></result><result><subject>Distributed System Programming</subject><point>5</point></result></exam><Birthdate>1995-12-26</Birthdate></Student><Student><Id>24</Id><FirstName>Lily</FirstName><LastName>Brimm</LastName><Email>lbrimmn@printfriendly.com</Email><Gender>Female</Gender><City>Bazhu</City><StudentId>7835</StudentId><Class>18DTHQA2</Class><exam><result><subject>Software Outsourcing</subject><point>5</point></result><result><subject>Distributed System Programming</subject><point>3</point></result><result><subject>Windows</subject><point>8</point></result><result><subject>Basic Programming</subject><point>7</point></result><result><subject>Windows</subject><point>2</point></result></exam><Birthdate>1997-08-11</Birthdate></Student><Student><Id>25</Id><FirstName>Emera</FirstName><LastName>Vasyuchov</LastName><Email>evasyuchovo@netlog.com</Email><Gender>Female</Gender><City>Bolinao</City><StudentId>8667</StudentId><Class>18DTHQA2</Class><exam><result><subject>Network</subject><point>7</point></result><result><subject>Database</subject><point>7</point></result><result><subject>Math</subject><point>5</point></result><result><subject>Distributed System Programming</subject><point>4</point></result><result><subject>Distributed System Programming</subject><point>10</point></result></exam><Birthdate>1996-01-22</Birthdate></Student><Student><Id>26</Id><FirstName>Genevieve</FirstName><LastName>Everest</LastName><Email>geverestp@nsw.gov.au</Email><Gender>Female</Gender><City>Wanlongshan</City><StudentId>5242</StudentId><Class>18DTHQA2</Class><exam><result><subject>Software Outsourcing</subject><point>6</point></result><result><subject>Math</subject><point>7</point></result><result><subject>Windows</subject><point>2</point></result><result><subject>Math</subject><point>1</point></result><result><subject>Math</subject><point>8</point></result></exam><Birthdate>1999-10-03</Birthdate></Student><Student><Id>27</Id><FirstName>Irving</FirstName><LastName>Peerman</LastName><Email>ipeermanq@sogou.com</Email><Gender>Male</Gender><City>Capela</City><StudentId>9199</StudentId><Class>18DTHQA2</Class><exam><result><subject>Software Outsourcing</subject><point>5</point></result><result><subject>Network</subject><point>6</point></result><result><subject>Network</subject><point>4</point></result><result><subject>Basic Programming</subject><point>6</point></result><result><subject>Chemistry</subject><point>6</point></result></exam><Birthdate>1997-12-16</Birthdate></Student><Student><Id>28</Id><FirstName>Nicko</FirstName><LastName>Peatt</LastName><Email>npeattr@google.ca</Email><Gender>Male</Gender><City>Tuopu</City><StudentId>2692</StudentId><Class>18DTHQA2</Class><exam><result><subject>Basic Programming</subject><point>6</point></result><result><subject>Software Outsourcing</subject><point>10</point></result><result><subject>Software Outsourcing</subject><point>5</point></result><result><subject>Database</subject><point>1</point></result><result><subject>Network</subject><point>7</point></result></exam><Birthdate>1999-05-13</Birthdate></Student><Student><Id>29</Id><FirstName>Philipa</FirstName><LastName>Rigney</LastName><Email>prigneys@google.ru</Email><Gender>Female</Gender><City>Pulian</City><StudentId>3341</StudentId><Class>18DTHQA1</Class><exam><result><subject>Distributed System Programming</subject><point>9</point></result><result><subject>Software Outsourcing</subject><point>10</point></result><result><subject>Software Outsourcing</subject><point>3</point></result><result><subject>Network</subject><point>8</point></result><result><subject>Chemistry</subject><point>10</point></result></exam><Birthdate>1995-11-24</Birthdate></Student><Student><Id>30</Id><FirstName>Zelda</FirstName><LastName>Marl</LastName><Email>zmarlt@jimdo.com</Email><Gender>Female</Gender><City>Salgado</City><StudentId>0041</StudentId><Class>18DTHQA2</Class><exam><result><subject>Basic Programming</subject><point>2</point></result><result><subject>Chemistry</subject><point>2</point></result><result><subject>Basic Programming</subject><point>1</point></result><result><subject>Windows</subject><point>10</point></result><result><subject>Chemistry</subject><point>1</point></result></exam><Birthdate>1997-03-28</Birthdate></Student><Student><Id>31</Id><FirstName>Rowney</FirstName><LastName>McDonogh</LastName><Email>rmcdonoghu@engadget.com</Email><Gender>Male</Gender><City>Bojonggenteng</City><StudentId>6721</StudentId><Class>18DTHQA2</Class><exam><result><subject>Math</subject><point>2</point></result><result><subject>Chemistry</subject><point>3</point></result><result><subject>Math</subject><point>10</point></result><result><subject>Distributed System Programming</subject><point>1</point></result><result><subject>Chemistry</subject><point>1</point></result></exam><Birthdate>1999-01-10</Birthdate></Student><Student><Id>32</Id><FirstName>Tonya</FirstName><LastName>Ibbs</LastName><Email>tibbsv@ucoz.com</Email><Gender>Female</Gender><City>Tangtu</City><StudentId>7548</StudentId><Class>18DTHQA2</Class><exam><result><subject>Windows</subject><point>8</point></result><result><subject>Math</subject><point>7</point></result><result><subject>Software Outsourcing</subject><point>5</point></result><result><subject>Network</subject><point>2</point></result><result><subject>Distributed System Programming</subject><point>2</point></result></exam><Birthdate>1997-01-29</Birthdate></Student><Student><Id>33</Id><FirstName>Niccolo</FirstName><LastName>Cohalan</LastName><Email>ncohalanw@reference.com</Email><Gender>Male</Gender><City>Strabychovo</City><StudentId>0235</StudentId><Class>18DTHQA2</Class><exam><result><subject>Software Outsourcing</subject><point>6</point></result><result><subject>Database</subject><point>2</point></result><result><subject>Distributed System Programming</subject><point>5</point></result><result><subject>Network</subject><point>10</point></result><result><subject>Windows</subject><point>1</point></result></exam><Birthdate>1998-10-05</Birthdate></Student><Student><Id>34</Id><FirstName>Anabal</FirstName><LastName>Augar</LastName><Email>aaugarx@cam.ac.uk</Email><Gender>Female</Gender><City>Novyy Svit</City><StudentId>8986</StudentId><Class>18DTHQA1</Class><exam><result><subject>Basic Programming</subject><point>7</point></result><result><subject>Distributed System Programming</subject><point>7</point></result><result><subject>Math</subject><point>6</point></result><result><subject>Database</subject><point>1</point></result><result><subject>Math</subject><point>3</point></result></exam><Birthdate>1999-09-13</Birthdate></Student><Student><Id>35</Id><FirstName>Batholomew</FirstName><LastName>Jent</LastName><Email>bjenty@redcross.org</Email><Gender>Male</Gender><City>Shreveport</City><StudentId>2047</StudentId><Class>18DTHQA2</Class><exam><result><subject>Database</subject><point>1</point></result><result><subject>Basic Programming</subject><point>2</point></result><result><subject>Chemistry</subject><point>7</point></result><result><subject>Distributed System Programming</subject><point>3</point></result><result><subject>Distributed System Programming</subject><point>7</point></result></exam><Birthdate>1997-01-10</Birthdate></Student><Student><Id>36</Id><FirstName>Benedikta</FirstName><LastName>Doust</LastName><Email>bdoustz@squarespace.com</Email><Gender>Female</Gender><City>Nancy</City><StudentId>7585</StudentId><Class>18DTHQA3</Class><exam><result><subject>Windows</subject><point>4</point></result><result><subject>Database</subject><point>5</point></result><result><subject>Software Outsourcing</subject><point>2</point></result><result><subject>Chemistry</subject><point>2</point></result><result><subject>Basic Programming</subject><point>1</point></result></exam><Birthdate>1998-05-01</Birthdate></Student><Student><Id>37</Id><FirstName>Tyler</FirstName><LastName>Gabits</LastName><Email>tgabits10@cam.ac.uk</Email><Gender>Male</Gender><City>Manizales</City><StudentId>8569</StudentId><Class>18DTHQA3</Class><exam><result><subject>Database</subject><point>8</point></result><result><subject>Distributed System Programming</subject><point>6</point></result><result><subject>Network</subject><point>5</point></result><result><subject>Distributed System Programming</subject><point>8</point></result><result><subject>Network</subject><point>5</point></result></exam><Birthdate>1996-07-08</Birthdate></Student><Student><Id>38</Id><FirstName>Binky</FirstName><LastName>Iorns</LastName><Email>biorns11@domainmarket.com</Email><Gender>Male</Gender><City>Tehrān</City><StudentId>9946</StudentId><Class>18DTHQA3</Class><exam><result><subject>Database</subject><point>7</point></result><result><subject>Network</subject><point>1</point></result><result><subject>Chemistry</subject><point>2</point></result><result><subject>Software Outsourcing</subject><point>2</point></result><result><subject>Network</subject><point>7</point></result></exam><Birthdate>1995-10-20</Birthdate></Student><Student><Id>39</Id><FirstName>Saree</FirstName><LastName>Carman</LastName><Email>scarman12@fotki.com</Email><Gender>Female</Gender><City>Tsaghveri</City><StudentId>5452</StudentId><Class>18DTHQA2</Class><exam><result><subject>Database</subject><point>4</point></result><result><subject>Network</subject><point>4</point></result><result><subject>Distributed System Programming</subject><point>5</point></result><result><subject>Software Outsourcing</subject><point>4</point></result><result><subject>Basic Programming</subject><point>3</point></result></exam><Birthdate>1999-08-28</Birthdate></Student><Student><Id>40</Id><FirstName>Milli</FirstName><LastName>Glason</LastName><Email>mglason13@bloomberg.com</Email><Gender>Female</Gender><City>Aplahoué</City><StudentId>5369</StudentId><Class>18DTHQA3</Class><exam><result><subject>Database</subject><point>1</point></result><result><subject>Network</subject><point>3</point></result><result><subject>Basic Programming</subject><point>7</point></result><result><subject>Math</subject><point>2</point></result><result><subject>Database</subject><point>2</point></result></exam><Birthdate>1996-07-30</Birthdate></Student><Student><Id>41</Id><FirstName>Gladys</FirstName><LastName>Cracoe</LastName><Email>gcracoe14@guardian.co.uk</Email><Gender>Female</Gender><City>Guadalupe</City><StudentId>5284</StudentId><Class>18DTHQA3</Class><exam><result><subject>Basic Programming</subject><point>1</point></result><result><subject>Windows</subject><point>9</point></result><result><subject>Windows</subject><point>10</point></result><result><subject>Basic Programming</subject><point>1</point></result><result><subject>Database</subject><point>1</point></result></exam><Birthdate>1997-06-20</Birthdate></Student><Student><Id>42</Id><FirstName>Petr</FirstName><LastName>Corstorphine</LastName><Email>pcorstorphine15@mozilla.com</Email><Gender>Male</Gender><City>Nîmes</City><StudentId>0285</StudentId><Class>18DTHQA2</Class><exam><result><subject>Software Outsourcing</subject><point>1</point></result><result><subject>Chemistry</subject><point>10</point></result><result><subject>Chemistry</subject><point>4</point></result><result><subject>Math</subject><point>3</point></result><result><subject>Database</subject><point>9</point></result></exam><Birthdate>1999-12-24</Birthdate></Student><Student><Id>43</Id><FirstName>Griselda</FirstName><LastName>Skeats</LastName><Email>gskeats16@soup.io</Email><Gender>Female</Gender><City>Mytishchi</City><StudentId>7067</StudentId><Class>18DTHQA2</Class><exam><result><subject>Math</subject><point>1</point></result><result><subject>Math</subject><point>3</point></result><result><subject>Math</subject><point>7</point></result><result><subject>Windows</subject><point>6</point></result><result><subject>Windows</subject><point>6</point></result></exam><Birthdate>1997-12-27</Birthdate></Student><Student><Id>44</Id><FirstName>Morganne</FirstName><LastName>Loachhead</LastName><Email>mloachhead17@hp.com</Email><Gender>Female</Gender><City>Eindhoven</City><StudentId>9098</StudentId><Class>18DTHQA2</Class><exam><result><subject>Distributed System Programming</subject><point>6</point></result><result><subject>Basic Programming</subject><point>10</point></result><result><subject>Network</subject><point>4</point></result><result><subject>Math</subject><point>10</point></result><result><subject>Software Outsourcing</subject><point>9</point></result></exam><Birthdate>1998-05-08</Birthdate></Student><Student><Id>45</Id><FirstName>Chastity</FirstName><LastName>Blanckley</LastName><Email>cblanckley18@oakley.com</Email><Gender>Female</Gender><City>Weihe</City><StudentId>4857</StudentId><Class>18DTHQA2</Class><exam><result><subject>Database</subject><point>7</point></result><result><subject>Chemistry</subject><point>4</point></result><result><subject>Database</subject><point>6</point></result><result><subject>Distributed System Programming</subject><point>5</point></result><result><subject>Windows</subject><point>1</point></result></exam><Birthdate>1998-05-24</Birthdate></Student><Student><Id>46</Id><FirstName>Khalil</FirstName><LastName>Blesli</LastName><Email>kblesli19@scribd.com</Email><Gender>Male</Gender><City>Tromsø</City><StudentId>6736</StudentId><Class>18DTHQA2</Class><exam><result><subject>Basic Programming</subject><point>6</point></result><result><subject>Math</subject><point>10</point></result><result><subject>Math</subject><point>7</point></result><result><subject>Distributed System Programming</subject><point>3</point></result><result><subject>Distributed System Programming</subject><point>2</point></result></exam><Birthdate>1996-02-22</Birthdate></Student><Student><Id>47</Id><FirstName>Mathilda</FirstName><LastName>Kusick</LastName><Email>mkusick1a@cocolog-nifty.com</Email><Gender>Female</Gender><City>Niquelândia</City><StudentId>2559</StudentId><Class>18DTHQA1</Class><exam><result><subject>Math</subject><point>3</point></result><result><subject>Windows</subject><point>9</point></result><result><subject>Network</subject><point>3</point></result><result><subject>Database</subject><point>1</point></result><result><subject>Basic Programming</subject><point>5</point></result></exam><Birthdate>1997-06-22</Birthdate></Student><Student><Id>48</Id><FirstName>Andrea</FirstName><LastName>Rieme</LastName><Email>arieme1b@is.gd</Email><Gender>Female</Gender><City>Villa Nueva</City><StudentId>1155</StudentId><Class>18DTHQA1</Class><exam><result><subject>Software Outsourcing</subject><point>2</point></result><result><subject>Software Outsourcing</subject><point>1</point></result><result><subject>Database</subject><point>4</point></result><result><subject>Math</subject><point>1</point></result><result><subject>Software Outsourcing</subject><point>10</point></result></exam><Birthdate>1995-11-26</Birthdate></Student><Student><Id>49</Id><FirstName>Vidovic</FirstName><LastName>Roux</LastName><Email>vroux1c@ucoz.ru</Email><Gender>Male</Gender><City>Bayangol</City><StudentId>4721</StudentId><Class>18DTHQA3</Class><exam><result><subject>Chemistry</subject><point>1</point></result><result><subject>Database</subject><point>8</point></result><result><subject>Math</subject><point>1</point></result><result><subject>Distributed System Programming</subject><point>9</point></result><result><subject>Basic Programming</subject><point>10</point></result></exam><Birthdate>1996-03-11</Birthdate></Student><Student><Id>50</Id><FirstName>Matilda</FirstName><LastName>Grasser</LastName><Email>mgrasser1d@about.me</Email><Gender>Female</Gender><City>Buenavista</City><StudentId>7492</StudentId><Class>18DTHQA3</Class><exam><result><subject>Software Outsourcing</subject><point>9</point></result><result><subject>Windows</subject><point>2</point></result><result><subject>Math</subject><point>6</point></result><result><subject>Chemistry</subject><point>8</point></result><result><subject>Windows</subject><point>5</point></result></exam><Birthdate>1999-07-14</Birthdate></Student><Student><Id>51</Id><FirstName>Clevey</FirstName><LastName>Jevons</LastName><Email>cjevons1e@narod.ru</Email><Gender>Male</Gender><City>Norrköping</City><StudentId>3025</StudentId><Class>18DTHQA3</Class><exam><result><subject>Software Outsourcing</subject><point>5</point></result><result><subject>Windows</subject><point>9</point></result><result><subject>Distributed System Programming</subject><point>7</point></result><result><subject>Distributed System Programming</subject><point>2</point></result><result><subject>Software Outsourcing</subject><point>7</point></result></exam><Birthdate>1999-05-17</Birthdate></Student><Student><Id>52</Id><FirstName>Morris</FirstName><LastName>Tonner</LastName><Email>mtonner1f@reuters.com</Email><Gender>Male</Gender><City>Qingxi</City><StudentId>7302</StudentId><Class>18DTHQA3</Class><exam><result><subject>Basic Programming</subject><point>2</point></result><result><subject>Math</subject><point>3</point></result><result><subject>Distributed System Programming</subject><point>6</point></result><result><subject>Distributed System Programming</subject><point>3</point></result><result><subject>Distributed System Programming</subject><point>7</point></result></exam><Birthdate>1997-06-04</Birthdate></Student><Student><Id>53</Id><FirstName>Leroi</FirstName><LastName>Crowder</LastName><Email>lcrowder1g@baidu.com</Email><Gender>Male</Gender><City>Hongmei</City><StudentId>9471</StudentId><Class>18DTHQA3</Class><exam><result><subject>Software Outsourcing</subject><point>3</point></result><result><subject>Chemistry</subject><point>5</point></result><result><subject>Database</subject><point>6</point></result><result><subject>Distributed System Programming</subject><point>2</point></result><result><subject>Chemistry</subject><point>8</point></result></exam><Birthdate>1999-09-30</Birthdate></Student><Student><Id>54</Id><FirstName>Harriott</FirstName><LastName>Moneypenny</LastName><Email>hmoneypenny1h@myspace.com</Email><Gender>Female</Gender><City>Şanā’</City><StudentId>9261</StudentId><Class>18DTHQA1</Class><exam><result><subject>Basic Programming</subject><point>8</point></result><result><subject>Database</subject><point>10</point></result><result><subject>Software Outsourcing</subject><point>1</point></result><result><subject>Basic Programming</subject><point>6</point></result><result><subject>Windows</subject><point>5</point></result></exam><Birthdate>1999-06-23</Birthdate></Student><Student><Id>55</Id><FirstName>Sebastiano</FirstName><LastName>Schonfelder</LastName><Email>sschonfelder1i@home.pl</Email><Gender>Male</Gender><City>Diyarb Najm</City><StudentId>5189</StudentId><Class>18DTHQA3</Class><exam><result><subject>Chemistry</subject><point>5</point></result><result><subject>Network</subject><point>1</point></result><result><subject>Basic Programming</subject><point>1</point></result><result><subject>Basic Programming</subject><point>3</point></result><result><subject>Distributed System Programming</subject><point>4</point></result></exam><Birthdate>1995-12-22</Birthdate></Student><Student><Id>56</Id><FirstName>Mark</FirstName><LastName>Gilffillan</LastName><Email>mgilffillan1j@domainmarket.com</Email><Gender>Male</Gender><City>Namyangju</City><StudentId>6270</StudentId><Class>18DTHQA3</Class><exam><result><subject>Windows</subject><point>10</point></result><result><subject>Database</subject><point>8</point></result><result><subject>Network</subject><point>4</point></result><result><subject>Software Outsourcing</subject><point>8</point></result><result><subject>Network</subject><point>4</point></result></exam><Birthdate>1997-03-10</Birthdate></Student><Student><Id>57</Id><FirstName>Randi</FirstName><LastName>Robeiro</LastName><Email>rrobeiro1k@amazon.de</Email><Gender>Male</Gender><City>Huangrangping</City><StudentId>4884</StudentId><Class>18DTHQA3</Class><exam><result><subject>Basic Programming</subject><point>4</point></result><result><subject>Windows</subject><point>4</point></result><result><subject>Database</subject><point>3</point></result><result><subject>Windows</subject><point>5</point></result><result><subject>Math</subject><point>1</point></result></exam><Birthdate>2000-01-20</Birthdate></Student><Student><Id>58</Id><FirstName>Janice</FirstName><LastName>Cordsen</LastName><Email>jcordsen1l@over-blog.com</Email><Gender>Female</Gender><City>Uppsala</City><StudentId>1118</StudentId><Class>18DTHQA3</Class><exam><result><subject>Distributed System Programming</subject><point>8</point></result><result><subject>Network</subject><point>5</point></result><result><subject>Network</subject><point>8</point></result><result><subject>Distributed System Programming</subject><point>3</point></result><result><subject>Math</subject><point>8</point></result></exam><Birthdate>1999-06-26</Birthdate></Student><Student><Id>59</Id><FirstName>Clemmie</FirstName><LastName>Sheward</LastName><Email>csheward1m@gnu.org</Email><Gender>Male</Gender><City>Cañete</City><StudentId>9798</StudentId><Class>18DTHQA2</Class><exam><result><subject>Math</subject><point>3</point></result><result><subject>Windows</subject><point>7</point></result><result><subject>Math</subject><point>6</point></result><result><subject>Software Outsourcing</subject><point>2</point></result><result><subject>Network</subject><point>1</point></result></exam><Birthdate>1998-02-22</Birthdate></Student><Student><Id>60</Id><FirstName>Heddi</FirstName><LastName>Darwood</LastName><Email>hdarwood1n@reference.com</Email><Gender>Female</Gender><City>Changling</City><StudentId>7002</StudentId><Class>18DTHQA1</Class><exam><result><subject>Network</subject><point>5</point></result><result><subject>Distributed System Programming</subject><point>2</point></result><result><subject>Software Outsourcing</subject><point>6</point></result><result><subject>Math</subject><point>10</point></result><result><subject>Network</subject><point>1</point></result></exam><Birthdate>1997-10-31</Birthdate></Student><Student><Id>61</Id><FirstName>Lothario</FirstName><LastName>Jaher</LastName><Email>ljaher1o@senate.gov</Email><Gender>Male</Gender><City>Guanghai</City><StudentId>4492</StudentId><Class>18DTHQA2</Class><exam><result><subject>Basic Programming</subject><point>10</point></result><result><subject>Software Outsourcing</subject><point>3</point></result><result><subject>Math</subject><point>10</point></result><result><subject>Chemistry</subject><point>3</point></result><result><subject>Basic Programming</subject><point>5</point></result></exam><Birthdate>1997-10-03</Birthdate></Student><Student><Id>62</Id><FirstName>Bradford</FirstName><LastName>Matthis</LastName><Email>bmatthis1p@youtube.com</Email><Gender>Male</Gender><City>Chong’ansi</City><StudentId>0287</StudentId><Class>18DTHQA3</Class><exam><result><subject>Windows</subject><point>1</point></result><result><subject>Windows</subject><point>8</point></result><result><subject>Windows</subject><point>6</point></result><result><subject>Basic Programming</subject><point>2</point></result><result><subject>Basic Programming</subject><point>1</point></result></exam><Birthdate>1995-10-25</Birthdate></Student><Student><Id>63</Id><FirstName>Claudette</FirstName><LastName>Jacquemot</LastName><Email>cjacquemot1q@about.com</Email><Gender>Female</Gender><City>Lin’an</City><StudentId>3821</StudentId><Class>18DTHQA1</Class><exam><result><subject>Database</subject><point>9</point></result><result><subject>Distributed System Programming</subject><point>8</point></result><result><subject>Database</subject><point>6</point></result><result><subject>Distributed System Programming</subject><point>1</point></result><result><subject>Network</subject><point>3</point></result></exam><Birthdate>1999-08-10</Birthdate></Student><Student><Id>64</Id><FirstName>Pepita</FirstName><LastName>Malan</LastName><Email>pmalan1r@t-online.de</Email><Gender>Female</Gender><City>Energeticheskiy</City><StudentId>3360</StudentId><Class>18DTHQA2</Class><exam><result><subject>Network</subject><point>4</point></result><result><subject>Chemistry</subject><point>9</point></result><result><subject>Software Outsourcing</subject><point>5</point></result><result><subject>Network</subject><point>6</point></result><result><subject>Chemistry</subject><point>1</point></result></exam><Birthdate>1998-08-18</Birthdate></Student><Student><Id>65</Id><FirstName>Ertha</FirstName><LastName>Byneth</LastName><Email>ebyneth1s@usatoday.com</Email><Gender>Female</Gender><City>Castanheiro do Sul</City><StudentId>7049</StudentId><Class>18DTHQA2</Class><exam><result><subject>Distributed System Programming</subject><point>3</point></result><result><subject>Distributed System Programming</subject><point>9</point></result><result><subject>Math</subject><point>10</point></result><result><subject>Distributed System Programming</subject><point>1</point></result><result><subject>Distributed System Programming</subject><point>8</point></result></exam><Birthdate>1998-08-17</Birthdate></Student><Student><Id>66</Id><FirstName>Arnaldo</FirstName><LastName>Cahey</LastName><Email>acahey1t@washington.edu</Email><Gender>Male</Gender><City>Sępopol</City><StudentId>5694</StudentId><Class>18DTHQA1</Class><exam><result><subject>Windows</subject><point>4</point></result><result><subject>Basic Programming</subject><point>10</point></result><result><subject>Basic Programming</subject><point>2</point></result><result><subject>Windows</subject><point>10</point></result><result><subject>Chemistry</subject><point>9</point></result></exam><Birthdate>1998-08-13</Birthdate></Student><Student><Id>67</Id><FirstName>Germain</FirstName><LastName>Affron</LastName><Email>gaffron1u@example.com</Email><Gender>Male</Gender><City>Komyshnya</City><StudentId>5477</StudentId><Class>18DTHQA3</Class><exam><result><subject>Distributed System Programming</subject><point>4</point></result><result><subject>Database</subject><point>6</point></result><result><subject>Windows</subject><point>4</point></result><result><subject>Distributed System Programming</subject><point>1</point></result><result><subject>Chemistry</subject><point>5</point></result></exam><Birthdate>1998-09-28</Birthdate></Student><Student><Id>68</Id><FirstName>Baxter</FirstName><LastName>Woodburne</LastName><Email>bwoodburne1v@acquirethisname.com</Email><Gender>Male</Gender><City>Själevad</City><StudentId>2519</StudentId><Class>18DTHQA1</Class><exam><result><subject>Distributed System Programming</subject><point>9</point></result><result><subject>Database</subject><point>2</point></result><result><subject>Database</subject><point>5</point></result><result><subject>Math</subject><point>6</point></result><result><subject>Network</subject><point>4</point></result></exam><Birthdate>2000-08-11</Birthdate></Student><Student><Id>69</Id><FirstName>Gherardo</FirstName><LastName>Nicholl</LastName><Email>gnicholl1w@cafepress.com</Email><Gender>Male</Gender><City>Anningqu</City><StudentId>6366</StudentId><Class>18DTHQA3</Class><exam><result><subject>Chemistry</subject><point>6</point></result><result><subject>Windows</subject><point>5</point></result><result><subject>Network</subject><point>7</point></result><result><subject>Math</subject><point>1</point></result><result><subject>Network</subject><point>3</point></result></exam><Birthdate>2000-09-26</Birthdate></Student><Student><Id>70</Id><FirstName>Sonia</FirstName><LastName>Maloney</LastName><Email>smaloney1x@pbs.org</Email><Gender>Female</Gender><City>Chantilly</City><StudentId>5081</StudentId><Class>18DTHQA3</Class><exam><result><subject>Database</subject><point>6</point></result><result><subject>Basic Programming</subject><point>2</point></result><result><subject>Database</subject><point>3</point></result><result><subject>Windows</subject><point>9</point></result><result><subject>Basic Programming</subject><point>8</point></result></exam><Birthdate>2000-05-22</Birthdate></Student><Student><Id>71</Id><FirstName>Bianka</FirstName><LastName>Stockman</LastName><Email>bstockman1y@bloomberg.com</Email><Gender>Female</Gender><City>Kapinango</City><StudentId>4025</StudentId><Class>18DTHQA2</Class><exam><result><subject>Math</subject><point>9</point></result><result><subject>Chemistry</subject><point>2</point></result><result><subject>Distributed System Programming</subject><point>4</point></result><result><subject>Software Outsourcing</subject><point>2</point></result><result><subject>Software Outsourcing</subject><point>10</point></result></exam><Birthdate>1999-01-26</Birthdate></Student><Student><Id>72</Id><FirstName>Anabella</FirstName><LastName>Ubsdell</LastName><Email>aubsdell1z@networkadvertising.org</Email><Gender>Female</Gender><City>Tarimbang</City><StudentId>7940</StudentId><Class>18DTHQA3</Class><exam><result><subject>Chemistry</subject><point>9</point></result><result><subject>Database</subject><point>6</point></result><result><subject>Math</subject><point>8</point></result><result><subject>Basic Programming</subject><point>1</point></result><result><subject>Software Outsourcing</subject><point>9</point></result></exam><Birthdate>2000-01-24</Birthdate></Student><Student><Id>73</Id><FirstName>Henka</FirstName><LastName>Galloway</LastName><Email>hgalloway20@symantec.com</Email><Gender>Female</Gender><City>Longmen</City><StudentId>7059</StudentId><Class>18DTHQA3</Class><exam><result><subject>Network</subject><point>3</point></result><result><subject>Database</subject><point>8</point></result><result><subject>Chemistry</subject><point>5</point></result><result><subject>Math</subject><point>2</point></result><result><subject>Distributed System Programming</subject><point>9</point></result></exam><Birthdate>1996-03-10</Birthdate></Student><Student><Id>74</Id><FirstName>Jermaine</FirstName><LastName>Greenhall</LastName><Email>jgreenhall21@businessinsider.com</Email><Gender>Male</Gender><City>Al Qaţn</City><StudentId>6790</StudentId><Class>18DTHQA2</Class><exam><result><subject>Windows</subject><point>7</point></result><result><subject>Math</subject><point>10</point></result><result><subject>Network</subject><point>6</point></result><result><subject>Chemistry</subject><point>8</point></result><result><subject>Chemistry</subject><point>7</point></result></exam><Birthdate>1997-12-03</Birthdate></Student><Student><Id>75</Id><FirstName>Rachael</FirstName><LastName>Macenzy</LastName><Email>rmacenzy22@purevolume.com</Email><Gender>Female</Gender><City>Krasne</City><StudentId>6122</StudentId><Class>18DTHQA3</Class><exam><result><subject>Windows</subject><point>5</point></result><result><subject>Database</subject><point>5</point></result><result><subject>Math</subject><point>3</point></result><result><subject>Network</subject><point>9</point></result><result><subject>Windows</subject><point>8</point></result></exam><Birthdate>1999-12-19</Birthdate></Student><Student><Id>76</Id><FirstName>Stevy</FirstName><LastName>Fitchet</LastName><Email>sfitchet23@dailymotion.com</Email><Gender>Male</Gender><City>Teeli</City><StudentId>9551</StudentId><Class>18DTHQA3</Class><exam><result><subject>Database</subject><point>4</point></result><result><subject>Chemistry</subject><point>4</point></result><result><subject>Database</subject><point>7</point></result><result><subject>Math</subject><point>7</point></result><result><subject>Database</subject><point>3</point></result></exam><Birthdate>1997-01-13</Birthdate></Student><Student><Id>77</Id><FirstName>Gail</FirstName><LastName>Winspurr</LastName><Email>gwinspurr24@dion.ne.jp</Email><Gender>Male</Gender><City>Ostroměř</City><StudentId>3081</StudentId><Class>18DTHQA3</Class><exam><result><subject>Math</subject><point>4</point></result><result><subject>Distributed System Programming</subject><point>9</point></result><result><subject>Distributed System Programming</subject><point>6</point></result><result><subject>Distributed System Programming</subject><point>2</point></result><result><subject>Windows</subject><point>3</point></result></exam><Birthdate>1997-04-14</Birthdate></Student><Student><Id>78</Id><FirstName>Tamar</FirstName><LastName>Roblin</LastName><Email>troblin25@hao123.com</Email><Gender>Female</Gender><City>Biqiao</City><StudentId>0535</StudentId><Class>18DTHQA1</Class><exam><result><subject>Math</subject><point>5</point></result><result><subject>Basic Programming</subject><point>3</point></result><result><subject>Network</subject><point>3</point></result><result><subject>Network</subject><point>5</point></result><result><subject>Chemistry</subject><point>2</point></result></exam><Birthdate>1998-07-31</Birthdate></Student><Student><Id>79</Id><FirstName>Giovanni</FirstName><LastName>Barth</LastName><Email>gbarth26@pen.io</Email><Gender>Male</Gender><City>Jiangti</City><StudentId>7195</StudentId><Class>18DTHQA3</Class><exam><result><subject>Distributed System Programming</subject><point>5</point></result><result><subject>Software Outsourcing</subject><point>4</point></result><result><subject>Database</subject><point>3</point></result><result><subject>Chemistry</subject><point>5</point></result><result><subject>Software Outsourcing</subject><point>3</point></result></exam><Birthdate>2000-01-21</Birthdate></Student><Student><Id>80</Id><FirstName>Lila</FirstName><LastName>Houlahan</LastName><Email>lhoulahan27@ihg.com</Email><Gender>Female</Gender><City>Nyköping</City><StudentId>6699</StudentId><Class>18DTHQA1</Class><exam><result><subject>Network</subject><point>6</point></result><result><subject>Distributed System Programming</subject><point>8</point></result><result><subject>Database</subject><point>8</point></result><result><subject>Network</subject><point>4</point></result><result><subject>Network</subject><point>9</point></result></exam><Birthdate>1996-04-04</Birthdate></Student><Student><Id>81</Id><FirstName>Tamra</FirstName><LastName>MacBey</LastName><Email>tmacbey28@cbc.ca</Email><Gender>Female</Gender><City>Newala Kisimani</City><StudentId>2959</StudentId><Class>18DTHQA3</Class><exam><result><subject>Chemistry</subject><point>8</point></result><result><subject>Network</subject><point>1</point></result><result><subject>Database</subject><point>3</point></result><result><subject>Network</subject><point>9</point></result><result><subject>Math</subject><point>3</point></result></exam><Birthdate>1996-11-22</Birthdate></Student><Student><Id>82</Id><FirstName>Alard</FirstName><LastName>Perico</LastName><Email>aperico29@cloudflare.com</Email><Gender>Male</Gender><City>Ciudad Ojeda</City><StudentId>1340</StudentId><Class>18DTHQA2</Class><exam><result><subject>Database</subject><point>2</point></result><result><subject>Chemistry</subject><point>4</point></result><result><subject>Database</subject><point>3</point></result><result><subject>Software Outsourcing</subject><point>3</point></result><result><subject>Software Outsourcing</subject><point>2</point></result></exam><Birthdate>1999-09-22</Birthdate></Student><Student><Id>83</Id><FirstName>Aloysius</FirstName><LastName>Junes</LastName><Email>ajunes2a@flavors.me</Email><Gender>Male</Gender><City>Huangban</City><StudentId>8776</StudentId><Class>18DTHQA1</Class><exam><result><subject>Chemistry</subject><point>4</point></result><result><subject>Math</subject><point>8</point></result><result><subject>Math</subject><point>9</point></result><result><subject>Chemistry</subject><point>3</point></result><result><subject>Software Outsourcing</subject><point>2</point></result></exam><Birthdate>1999-02-19</Birthdate></Student><Student><Id>84</Id><FirstName>Stephana</FirstName><LastName>MacAne</LastName><Email>smacane2b@blog.com</Email><Gender>Female</Gender><City>Cawayan</City><StudentId>6900</StudentId><Class>18DTHQA1</Class><exam><result><subject>Math</subject><point>10</point></result><result><subject>Windows</subject><point>7</point></result><result><subject>Network</subject><point>3</point></result><result><subject>Software Outsourcing</subject><point>7</point></result><result><subject>Math</subject><point>8</point></result></exam><Birthdate>2000-05-21</Birthdate></Student><Student><Id>85</Id><FirstName>Tully</FirstName><LastName>Weiner</LastName><Email>tweiner2c@economist.com</Email><Gender>Male</Gender><City>Pyatigorsk</City><StudentId>3100</StudentId><Class>18DTHQA1</Class><exam><result><subject>Chemistry</subject><point>4</point></result><result><subject>Math</subject><point>1</point></result><result><subject>Network</subject><point>4</point></result><result><subject>Math</subject><point>4</point></result><result><subject>Math</subject><point>10</point></result></exam><Birthdate>1998-08-19</Birthdate></Student><Student><Id>86</Id><FirstName>Hallie</FirstName><LastName>Duley</LastName><Email>hduley2d@quantcast.com</Email><Gender>Female</Gender><City>Huangmao</City><StudentId>2752</StudentId><Class>18DTHQA3</Class><exam><result><subject>Math</subject><point>3</point></result><result><subject>Software Outsourcing</subject><point>6</point></result><result><subject>Basic Programming</subject><point>2</point></result><result><subject>Distributed System Programming</subject><point>4</point></result><result><subject>Software Outsourcing</subject><point>10</point></result></exam><Birthdate>1999-10-18</Birthdate></Student><Student><Id>87</Id><FirstName>Sigismondo</FirstName><LastName>Casier</LastName><Email>scasier2e@freewebs.com</Email><Gender>Male</Gender><City>Vista Hermosa</City><StudentId>4509</StudentId><Class>18DTHQA3</Class><exam><result><subject>Basic Programming</subject><point>10</point></result><result><subject>Basic Programming</subject><point>1</point></result><result><subject>Network</subject><point>4</point></result><result><subject>Network</subject><point>1</point></result><result><subject>Database</subject><point>8</point></result></exam><Birthdate>1997-06-30</Birthdate></Student><Student><Id>88</Id><FirstName>Shepard</FirstName><LastName>Lodwig</LastName><Email>slodwig2f@rakuten.co.jp</Email><Gender>Male</Gender><City>Plaju</City><StudentId>6746</StudentId><Class>18DTHQA3</Class><exam><result><subject>Basic Programming</subject><point>6</point></result><result><subject>Software Outsourcing</subject><point>3</point></result><result><subject>Basic Programming</subject><point>2</point></result><result><subject>Math</subject><point>5</point></result><result><subject>Network</subject><point>1</point></result></exam><Birthdate>1997-09-22</Birthdate></Student><Student><Id>89</Id><FirstName>Chandra</FirstName><LastName>Sindle</LastName><Email>csindle2g@example.com</Email><Gender>Female</Gender><City>Granada</City><StudentId>0173</StudentId><Class>18DTHQA1</Class><exam><result><subject>Software Outsourcing</subject><point>5</point></result><result><subject>Chemistry</subject><point>2</point></result><result><subject>Chemistry</subject><point>6</point></result><result><subject>Math</subject><point>1</point></result><result><subject>Network</subject><point>8</point></result></exam><Birthdate>1998-10-28</Birthdate></Student><Student><Id>90</Id><FirstName>Anstice</FirstName><LastName>Petrik</LastName><Email>apetrik2h@canalblog.com</Email><Gender>Female</Gender><City>Carvoeira</City><StudentId>4001</StudentId><Class>18DTHQA1</Class><exam><result><subject>Software Outsourcing</subject><point>4</point></result><result><subject>Software Outsourcing</subject><point>4</point></result><result><subject>Basic Programming</subject><point>5</point></result><result><subject>Windows</subject><point>10</point></result><result><subject>Network</subject><point>8</point></result></exam><Birthdate>1997-01-17</Birthdate></Student><Student><Id>91</Id><FirstName>Francois</FirstName><LastName>Glawsop</LastName><Email>fglawsop2i@google.com</Email><Gender>Male</Gender><City>Baligród</City><StudentId>0032</StudentId><Class>18DTHQA1</Class><exam><result><subject>Distributed System Programming</subject><point>10</point></result><result><subject>Windows</subject><point>10</point></result><result><subject>Software Outsourcing</subject><point>5</point></result><result><subject>Distributed System Programming</subject><point>9</point></result><result><subject>Chemistry</subject><point>9</point></result></exam><Birthdate>1996-09-11</Birthdate></Student><Student><Id>92</Id><FirstName>Walton</FirstName><LastName>Bullent</LastName><Email>wbullent2j@google.fr</Email><Gender>Male</Gender><City>Culeng</City><StudentId>5919</StudentId><Class>18DTHQA3</Class><exam><result><subject>Math</subject><point>3</point></result><result><subject>Distributed System Programming</subject><point>1</point></result><result><subject>Math</subject><point>7</point></result><result><subject>Database</subject><point>10</point></result><result><subject>Database</subject><point>9</point></result></exam><Birthdate>1996-12-25</Birthdate></Student><Student><Id>93</Id><FirstName>Abbott</FirstName><LastName>Duxbarry</LastName><Email>aduxbarry2k@addthis.com</Email><Gender>Male</Gender><City>Boavista</City><StudentId>6321</StudentId><Class>18DTHQA2</Class><exam><result><subject>Math</subject><point>2</point></result><result><subject>Chemistry</subject><point>8</point></result><result><subject>Distributed System Programming</subject><point>1</point></result><result><subject>Basic Programming</subject><point>6</point></result><result><subject>Software Outsourcing</subject><point>5</point></result></exam><Birthdate>1999-12-21</Birthdate></Student><Student><Id>94</Id><FirstName>Ardis</FirstName><LastName>Hallstone</LastName><Email>ahallstone2l@guardian.co.uk</Email><Gender>Female</Gender><City>Banatski Despotovac</City><StudentId>9411</StudentId><Class>18DTHQA2</Class><exam><result><subject>Windows</subject><point>3</point></result><result><subject>Windows</subject><point>9</point></result><result><subject>Software Outsourcing</subject><point>10</point></result><result><subject>Software Outsourcing</subject><point>7</point></result><result><subject>Math</subject><point>5</point></result></exam><Birthdate>2000-02-06</Birthdate></Student><Student><Id>95</Id><FirstName>Bernice</FirstName><LastName>Rosenfelt</LastName><Email>brosenfelt2m@miitbeian.gov.cn</Email><Gender>Female</Gender><City>Groningen</City><StudentId>6085</StudentId><Class>18DTHQA1</Class><exam><result><subject>Windows</subject><point>3</point></result><result><subject>Network</subject><point>9</point></result><result><subject>Basic Programming</subject><point>10</point></result><result><subject>Math</subject><point>1</point></result><result><subject>Windows</subject><point>8</point></result></exam><Birthdate>1996-02-02</Birthdate></Student><Student><Id>96</Id><FirstName>Pauli</FirstName><LastName>Fallis</LastName><Email>pfallis2n@examiner.com</Email><Gender>Female</Gender><City>Boden</City><StudentId>9086</StudentId><Class>18DTHQA1</Class><exam><result><subject>Math</subject><point>10</point></result><result><subject>Basic Programming</subject><point>1</point></result><result><subject>Software Outsourcing</subject><point>7</point></result><result><subject>Distributed System Programming</subject><point>2</point></result><result><subject>Basic Programming</subject><point>8</point></result></exam><Birthdate>1998-12-15</Birthdate></Student><Student><Id>97</Id><FirstName>Kingston</FirstName><LastName>Sandaver</LastName><Email>ksandaver2o@mac.com</Email><Gender>Male</Gender><City>Huangcun</City><StudentId>2530</StudentId><Class>18DTHQA2</Class><exam><result><subject>Software Outsourcing</subject><point>4</point></result><result><subject>Basic Programming</subject><point>4</point></result><result><subject>Network</subject><point>10</point></result><result><subject>Chemistry</subject><point>2</point></result><result><subject>Math</subject><point>2</point></result></exam><Birthdate>1999-12-27</Birthdate></Student><Student><Id>98</Id><FirstName>Peterus</FirstName><LastName>Lidgey</LastName><Email>plidgey2p@hubpages.com</Email><Gender>Male</Gender><City>Malanay</City><StudentId>2359</StudentId><Class>18DTHQA2</Class><exam><result><subject>Math</subject><point>5</point></result><result><subject>Math</subject><point>4</point></result><result><subject>Distributed System Programming</subject><point>8</point></result><result><subject>Math</subject><point>8</point></result><result><subject>Database</subject><point>10</point></result></exam><Birthdate>1996-07-30</Birthdate></Student><Student><Id>99</Id><FirstName>Nathaniel</FirstName><LastName>Petroff</LastName><Email>npetroff2q@edublogs.org</Email><Gender>Male</Gender><City>Baraba</City><StudentId>5059</StudentId><Class>18DTHQA1</Class><exam><result><subject>Network</subject><point>8</point></result><result><subject>Software Outsourcing</subject><point>7</point></result><result><subject>Software Outsourcing</subject><point>4</point></result><result><subject>Basic Programming</subject><point>5</point></result><result><subject>Software Outsourcing</subject><point>10</point></result></exam><Birthdate>1999-06-13</Birthdate></Student><Student><Id>100</Id><FirstName>Illa</FirstName><LastName>Coaster</LastName><Email>icoaster2r@icio.us</Email><Gender>Female</Gender><City>Eadestown</City><StudentId>5838</StudentId><Class>18DTHQA1</Class><exam><result><subject>Software Outsourcing</subject><point>4</point></result><result><subject>Basic Programming</subject><point>1</point></result><result><subject>Database</subject><point>8</point></result><result><subject>Network</subject><point>2</point></result><result><subject>Math</subject><point>5</point></result></exam><Birthdate>1999-03-20</Birthdate></Student></Dataset>